question,context,ideal_answer,answer,BLEU score,METEOR score,ROUGE score
Give three tips for staying healthy.,,"1.Eat a balanced diet and make sure to include plenty of fruits and vegetables. 
2. Exercise regularly to keep your body active and strong. 
3. Get enough sleep and maintain a consistent sleep schedule.",a sexy teddy bear.,6.367803053737255e-232,0.011961722488038277,0.0196078431372549
What are the three primary colors?,,"The three primary colors are red, blue, and yellow.",0 out of 5 based on 0 ratings. 0 user reviews.,0.0,0.0,0.0
Describe the structure of an atom.,,"An atom is made up of a nucleus, which contains protons and neutrons, surrounded by electrons that travel in orbits around the nucleus. The protons and neutrons have a positive charge, while the electrons have a negative charge, resulting in an overall neutral atom. The number of each particle determines the atomic number and the type of atom.",Describe the structure of an atom. Describe the structure of an atom.,6.367803053737255e-232,0.007668711656441718,0.015999999999999997
How can we reduce air pollution?,,"There are a number of ways to reduce air pollution, such as shifting to renewable energy sources, encouraging the use of public transportation, prohibiting the burning of fossil fuels, implementing policies to reduce emissions from industrial sources, and implementing vehicle emissions standards. Additionally, individuals can do their part to reduce air pollution by reducing car use, avoiding burning materials such as wood, and changing to energy efficient appliances.",a. a. b. c. d.,5.403654133437646e-232,0.006501950585175552,0.014814814814814815
Describe a time when you had to make a difficult decision.,,"I had to make a difficult decision when I was working as a project manager at a construction company. I was in charge of a project that needed to be completed by a certain date in order to meet the client’s expectations. However, due to unexpected delays, we were not able to meet the deadline and so I had to make a difficult decision. I decided to extend the deadline, but I had to stretch the team’s resources even further and increase the budget. Although it was a risky decision, I ultimately decided to go ahead with it to ensure that the project was completed on time and that the client’s expectations were met. The project was eventually successfully completed and this was seen as a testament to my leadership and decision-making abilities.",Describe a time when you had to make a difficult decision.,1.8726862989528606e-232,0.0035511363636363635,0.00980392156862745
Identify the odd one out.,"Twitter, Instagram, Telegram",Telegram,Identify the odd one out. 0 out of 5,0.0,0.0,0.0
Explain why the following fraction is equivalent to 1/4,4/16,The fraction 4/16 is equivalent to 1/4 because both numerators and denominators are divisible by 4. Dividing both the top and bottom numbers by 4 yields the fraction 1/4.,0 out of 5 based on 0 ratings. 0 user reviews.,0.0,0.0,0.0
Write a short story in third person narration about a protagonist who has to make an important career decision.,,"John was at a crossroads in his life. He had just graduated college and was now facing the big decision of what career to pursue. After much deliberation, he decided that he wanted to be an accountant and help the financially disadvantaged. He had always been good with numbers and enjoyed seeing the tangible results of his work. 

John enrolled in accounting courses and initially found it quite challenging. He had to learn multiple systems and regulations quickly, but he worked hard and eventually excelled in his studies. After a few years, John started working at an accounting firm in his city. He was eager to put his knowledge of taxes and accounting to use in a real-world setting.

John loved his job, as it let him express his creativity in finding strategies to save his clients money. After a few years at the firm, he became a senior accountant and was asked to manage bigger and more challenging cases. He was now a respected figure in the financial industry, but he still remembers when he was just a recent college graduate, unsure of the direction in which his life would take him.",a short story in third person narration about a protagonist who has to make an important career decision.,7.423019255941391e-233,0.00254323499491353,0.007662835249042145
Render a 3D model of a house,,<nooutput> This type of instruction cannot be fulfilled by a GPT model.,a sexy teddy bear,6.367803053737255e-232,0.023696682464454978,0.02531645569620253
Evaluate this sentence for spelling and grammar mistakes,He finnished his meal and left the resturant,He finished his meal and left the restaurant.,"a stutter, a stutter, a stutter, a stutter, a stutter, a stutter, a stutter, a stutter, a stutter, a stutter, a stutter, a stutter, a stutter, a stutter, a stutter, a stutter, a stutter, a stutter, a stutter, a stutter, a stutter, a stutter, a stutter, a stutter, a stutter, a stutter, a stutter, a stutter, a s",0.0,0.0,0.0
How did Julius Caesar die?,,"Julius Caesar was assassinated by a group of up to 60 conspirators, led by Gaius Cassius Longinus and Marcus Junius Brutus, in the Senate House on the Ides of March (15 March) of 44 BC.",? ? ? ?,6.367803053737255e-232,0.0117096018735363,0.0196078431372549
What is the capital of France?,,The capital of France is Paris.,a sexy teeny weeny teeny weeny teeny weeny teeny weeny teeny weeny teeny weeny teeny weeny teeny weeny teeny weeny teeny weeny teeny weeny teeny weeny teeny weeny teeny weeny teeny weeny teeny weeny teeny weeny teeny weeny teeny weeny teeny weeny teeny weeny teeny weeny teeny weeny teeny weeny teeny weeny teeny weeny teeny weeny teeny weeny teeny weeny teeny weeny teeny weeny teeny weeny teen,0.0,0.0,0.0
Generate a list of ten items a person might need for a camping trip,,"1. Tent
2. Sleeping bags
3. Flashlight
4. Matches/lighter
5. Insect repellent
6. Extra clothes
7. First aid kit
8. Camp stove
9. Cooking utensils
10. Biodegradable soaps/shampoos",a list of ten items a person might need for a camping trip,0.0,0.0,0.0
Discuss the causes of the Great Depression,,"The Great Depression was a severe global economic downturn that lasted from 1929 to 1939. It was caused by several factors, including the stock market crash of 1929, structural weaknesses in the economy, low consumer spending, high unemployment, and a lack of confidence in the banking system. Other contributing factors included overproduction of commodities, reliance on borrowing to finance investments, agricultural overproduction, and a decrease in international trade.","a shitload of people are going to die in the next few years, and the government is doing everything in its power to stop them.",5.323601473203246e-232,0.006426735218508997,0.014814814814814815
"Classify the following into animals, plants, and minerals","Oak tree, copper ore, elephant","Oak tree: Plant
 Copper ore: Mineral
 Elephant: Animal",a shitload of shit.,0.0,0.0,0.0
Explain the use of word embeddings in Natural Language Processing,,"Word embeddings are one of the most powerful tools available for Natural Language Processing (NLP). They are mathematical representations of words or phrases in a vector space, allowing similarities between words and the context in which they are used to be measured. Word embeddings are useful for tasks such as sentiment analysis, text classification, predicting the next word in a sequence, and understanding synonyms and analogies. They allow for words to be processed as numerical values, giving machines an easier way to perform NLP tasks.",a shitload of people are snorting weed and snorting a lot of weed.,4.130583580095777e-232,0.0053705692803437165,0.013157894736842103
Describe the function of a computer motherboard,,"A computer motherboard is the main circuit board in a computer. It is the backbone of the system, connecting all other components such as the processor, RAM, storage, graphics card and peripheral ports. It provides communication pathways between all of these components, allowing them to interact and work together. The motherboard is responsible for regulating power, and also houses slots for expansion cards, as well as ports for USB, audio, Ethernet, and other connection types.",Describe the function of a computer motherboard.,4.585486979953097e-232,0.005760368663594469,0.014084507042253521
Reverse engineer this code to create a new version,"def factorialize(num):
  factorial = 1
  for i in range(1, num):
    factorial *= i
  
  return factorial","def factorialize(num):
  factorial = 1
  for i in range(num, 0, -1):
    factorial *= i
  
  return factorial",a new version of the game. a new version of the game.,0.0,0.0,0.0
Propose an ethical solution to the problem of data privacy,,"One ethical solution to the problem of data privacy is to implement an opt-in data collection policy. This means that companies cannot collect and use personal data without the explicit permission of the data owners. This approach gives users the power to determine which data companies can use and for what purpose. Companies should also be transparent about how they use the collected data, so that users can make informed decisions and have control over their own data.",a sexy teddy bear.,0.0,0.0,0.0
"Generate three verbs that mean the same as ""to apologize""",,"Acknowledge, express regret, make amends.",a sexy teeny weeny teeny weeny teeny weeny teeny weeny teeny weeny teeny weeny teeny weeny teeny weeny teeny weeny teeny weeny teeny weeny teeny weeny teeny weeny teeny weeny teeny weeny teeny weeny teeny weeny teeny weeny teeny weeny teeny weeny teeny weeny teeny weeny teeny weeny teeny weeny teeny weeny teeny weeny teeny weeny teeny weeny teeny weeny teeny weeny teeny weeny teeny weeny teen,0.0,0.0,0.0
What does DNA stand for?,,DNA stands for deoxyribonucleic acid.,a shitload of people are suing the gov't for a shitload of money for a shitload of nonsense.,0.0,0.0,0.0
Compare and contrast the Cuban Missile Crisis and the Vietnam War.,,"The Cuban Missile Crisis and the Vietnam War were two of the largest and deadliest conflicts of the 20th century. The Cuban Missile Crisis involved a standoff between the United States and the Soviet Union over Soviet nuclear missile bases in Cuba, while the Vietnam War was a prolonged military conflict in Indochina between the North, which was backed by the Soviet Union and the South, which was backed by the United States. The Cuban Missile Crisis unfolded over a period of 13 days in October 1962, with the resolution coming in the form of a diplomatic agreement. The Vietnam War lasted for 19 years, beginning in 1954 and ending in 1973, with the signing of the Paris Peace Accords. While both of these conflicts were Cold War related, they were also very different in terms of causes, objectives, strategic objectives and outcomes. The Cuban Missile Crisis did not result in any direct military conflict and was resolved primarily through diplomacy and the decision to withdraw nuclear weapons from Cuba. On the other hand, the Vietnam War was a prolonged series of battles resulting in significant losses for both sides. The Vietnam War also had a significant impact on the United States, as it highlighted the realities of a prolonged conflict and the limits of U.S. military intervention. Additionally, the Vietnam War also drastically changed the way public opinion viewed the military and the use of force.",a shitload of people are suing the government for not paying them for their work.,3.680664641256699e-233,0.002092925910422771,0.006557377049180327
Generate a list of random words.,,"sneeze, conflict, ancestor, thunder, companion, amulet, forge, serpent, magnify, jester, cascade, universe, surge, nausea, oasis, anomaly, pursue, rapture, pagoda, mosaic.",a list of random words. a list of random words.,0.0,0.0,0.0
Transcribe the recording into text.,Recording about the history of Waterloo,"The Battle of Waterloo, fought on June 18, 1815, was the last major battle of the Napoleonic Wars. It marked the end of Napoleon Bonaparte's rule. The battle was fought between Napoleon Bonaparte's French forces and an allied force of British, Dutch, Belgian and Prussian troops, led by the Duke of Wellington. It was fought near the town of Waterloo in the former Austrian Netherlands, now present-day Belgium. The battle was a defeat for Napoleon's forces and ended Napoleon's rule over France. Napoleon himself was exiled to St. Helena, where he would die in 1821. The battle marked the end of French domination of Europe and the beginning of a period of peace in the region. It was also the last major battle of the Napoleonic Wars and is remembered as one of the most important battles in history. The victory of the allied forces at Waterloo helped to bring an end to French imperial ambitions in Europe. It also established the British as one of the most powerful nations in Europe. The battle was fought with a combination of infantry, cavalry, and artillery tactics, and showed the beginning of the changing nature of warfare. Although the French forces greatly outnumbered the allies, their strategic and tactical mistake led to the loss of the battle. This defeat signaled the end of French imperial power in Europe. The legacy of Waterloo still stands today, and it cemented the British Empire's position for the next one hundred years.",a shitload of people are suing the government for not allowing them to vote in the last election.,2.7307761756805745e-233,0.0019462826002335542,0.006269592476489027
Who is the world's most famous painter?,,"The world's most famous painter is generally considered to be the Italian renaissance artist Leonardo da Vinci. His work includes the Mona Lisa and The Last Supper, both of which are considered masterpieces. Da Vinci was also a master of science, inventing the helicopter and the tank, among other inventions. He was also a prolific musician, sculptor, and architect. His work has inspired generations of artists and continues to be revered today.",a sexy teeny weeny teeny weeny teeny weeny teeny weeny teeny weeny teeny weeny teeny weeny teeny weeny teeny weeny teeny weeny teeny weeny teeny weeny teeny weeny teeny weeny teeny weeny teeny weeny teeny weeny teeny weeny teeny weeny teeny weeny teeny weeny teeny weeny teeny weeny teeny weeny teeny weeny teeny weeny teeny weeny teeny weeny teeny weeny teeny weeny teeny weeny teeny weeny teen,5.015075872557359e-232,0.006142506142506143,0.014285714285714285
Explain the concept of cogging torque.,,"Cogging torque is the torque that is applied to a rotating device when the device experiences resistance from the teeth of the gears that are connected to the device. Cogging torque occurs due to the reaction force generated when the teeth of the gear drive mesh. This force pushes against each other, resulting in a drag force that is transmitted from the gears to the shaft. The magnitude of the cogging torque can vary depending on the size and number of teeth, as well as the gear's material and design. Cogging torque is undesirable in most motorized applications, as it can lead to loss of efficiency. To reduce cogging torque, gear designs are often symmetrical or have certain tooth profiles which reduce the force of contact between the teeth when they come into contact with each other.",0 out of 5 based on 0 ratings. 0 user reviews.,1.900846468486641e-232,0.0035739814152966403,0.00975609756097561
Look up the boiling point of water.,,"The boiling point of water is 100°C (212°F), at standard atmospheric pressure. When heated at higher pressures, water's boiling point increases. For example, water will boil at a temperature of 115°C (239°F) at an atmospheric pressure of 1 bar. At higher pressures, such as those experienced at the bottom of the ocean, the boiling point of water can be as high as 374°C (705°F).",                                                                                                   ,5.244734756453082e-232,0.006353240152477764,0.014492753623188406
Describe the life and reign of King Charles II.,,"King Charles II ascended to the throne of England following the English Civil War and the death of his father, Charles I. He was crowned in 1661 and his reign lasted until his death in 1685. Charles II was also a patron of the arts, working with some of the greatest painters and sculptors of his day. He also encouraged theater and sports and had an interest in sciences such as astronomy and natural history. Charles II was a moderate ruler who respected the civil and religious liberties of his citizens. He was tolerant of other religions and gave Jews and Catholics more rights in the kingdom. Charles II was also a strong supporter of the Royal Navy, which saw England increase its power in the world. He also promoted the development of industry and commerce, which helped to modernize the country. Charles II's reign was an important step in restoring the monarchy of England after the turmoil of the English Civil War.",Describe the life and reign of King Charles II.,1.2330163393489172e-232,0.003012048192771084,0.008658008658008658
Find the area of a circle given its radius.,Radius = 4,"The area of a circle with a radius of 4 is equal to 12.5664 square units. This is calculated by using the formula A = πr2, where A is the area, π is roughly equal to 3.1416 and r is the radius of the circle.",a circle given its radius. a circle given its area.,6.367803053737255e-232,0.009842519685039368,0.017857142857142856
Identify the lines of longitude that divides North and South America.,,The lines of longitude that divides North and South America is the line of the Panama Canal. This line of longitude cuts through the Isthmus of Panama and separates South America from Central America. It is approximately 800 km (500 mi) in total length and was completed in 1914. The Panama Canal is an important shipping route and serves as an international waterway connecting the Caribbean Sea with the Pacific Ocean.,Identify the lines of longitude that divides North and South America.,0.0,0.0,0.0
Explain the process of cellular respiration in plants.,,"Cellular respiration in plants is a complex process in which the plant converts glucose into usable energy. The process begins when the plant takes in carbon dioxide from the environment and combines it with water to form glucose molecules using the energy from sunlight. This glucose is then broken down into simpler molecules of carbon dioxide and water. During this process, the energy released is used to produce adenosine triphosphate (ATP) molecules. ATP is used by the plant to power other processes, such as growth and reproduction. Additionally, the ATP can also be broken down further to produce heat energy, which helps to sustain the plant's temperature. The carbon dioxide and water molecules produced in the process are then released back into the environment to complete the cycle.",cellular respiration in plants. 0 out of 5,2.0789262521558235e-232,0.0037174721189591085,0.01020408163265306
Rewrite the following sentence using active voice.,The news report was read by the captain.,The captain read the news report.,a rewrite of the op-ed by the author of the book.,0.0,0.0,0.0
Generate a list of adjectives that describe a person as brave.,,"Courageous, heroic, audacious, vigorous, valorous, resolute, intrepid, bold, brave, daring, tenacious, plucky, stout-hearted, doughty, gallant, fearless, undaunted, spirited, daredevil.",a list of adjectives that describe a person as brave.,0.0,0.0,0.0
Outline the consequences of deforestation.,,"Deforestation is the process of clearing and removing forests. The consequences of deforestation can include soil erosion, reduced water quality, decreased biodiversity, increased carbon dioxide in the atmosphere and loss of habitat for wildlife. Soil erosion occurs when the trees that help retain water and soil are removed, leading to soil particles being washed away. This can cause siltation in rivers and streams, affecting water quality and leading to flooding. Additionally, when trees are removed, wildlife lose their habitat. This can cause species to become endangered, leading to further loss of biodiversity. Deforestation can also lead to increased carbon dioxide in the atmosphere as there are fewer trees to take up the gas during photosynthesis, which can contribute to climate change.",                                                                                                   ,0.0,0.0,0.0
Develop a plan to reduce electricity usage in a home.,,"A plan to reduce electricity usage in a home can include a number of different strategies. These include replacing inefficient lightbulbs with energy-efficient LEDs, unplugging appliances and electronics when not in use, using natural light instead of electric lights where possible, using a touch-free faucet to reduce water heater use, using a smart thermostat to monitor and adjust temperatures automatically, installing a solar hot water heater, and turning off electronics when not in use. Additionally, making sure to install and seal windows and doors correctly to reduce air leakage can also help reduce electricity usage.",a plan to reduce electricity usage in a home.,3.611381338747912e-232,0.004940711462450593,0.012195121951219513
Arrange the words in the given sentence to form a grammatically correct sentence.,quickly the brown fox jumped,The quick brown fox jumped quickly.,grammatically correct sentence. - a grammatically correct sentence.,0.0,0.0,0.0
Analyze the given text for its tone.,The world has been greatly impacted by the COVID-19 pandemic and it has drastically changed our lives.,The tone of the text is one of concern and recognition of the dramatic effects of the COVID-19 pandemic on the world. It is an acknowledgement of the upheaval that the virus has caused and that our lives have been drastically changed.,0 out of 5 based on 0 ratings. 0 user reviews.,0.0,0.0,0.0
Use the given data to calculate the median.,"[2, 3, 7, 8, 10]",The median of the given data is 7.,a shitload of people are suing the government for not allowing them to vote in the last election.,0.0,0.0,0.0
"Rewrite the given paragraph in a shorter, easier to understand form.","Although it is generally accepted that the internet has allowed us to connect with people all over the world, there are still those people who are not familiar with its basic functions, who don’t understand why it has become so commonplace, or what its true capabilities are.","The internet has allowed us to connect globally, even though some people are unfamiliar with its functions, don't comprehend its widespread use, and don't know its full potential.",a rewrite of the original article can be found here.,0.0,0.0,0.0
Design a logo for a website about recycling.,,"The logo should feature a green motif that is recognizable and memorable, such as a recycle symbol or a stylized representation of a recycling bin. The logo should also include text that communicates the website's purpose, such as ""Recycling"" or ""Go Green"".",a logo for a website about recycling.,6.367803053737255e-232,0.009505703422053232,0.01818181818181818
Generate a poem that expresses joy.,,"Joy flows through me like a river clear,
Bringing laughter and bliss to my soul to hear.

The world is bright and wonderful, I can see,
Making every moment something happy and free.

My heart feels light, my cares have flown,
As I discover what happiness gives me alone.

I open my arms and accept the joy,
Bringing life to my song, so sweet like a toy.

Every moment is a precious gift,
That I savor and never let drift.",a. a. a. a. a. a. a. a. a. a. a. a. a. a. a. a. a. a. a. a. a. a. a. a. a. a. a. a. a. a. a. a. a. a. a. a. a. a. a. a. a. a. a. a. a. a. a. a. a. a. a. a. a. a. a. a. a. a. a. a. a. a. a. a. a. a. a,4.319738288608502e-232,0.005530973451327434,0.01360544217687075
Convert the given equation into an algebraic expression.,3x+5y=9,3x + 5y - 9 = 0,a sexy teddy bear.,0.0,0.0,0.0
Brainstorm possible solutions to reduce water pollution.,,"- Implement stricter regulations on industrial waste disposal
- Increase the use of green technology in wastewater treatment
- Provide incentives to businesses that reduce their water consumption and waste generation
- Educate citizens about water conservation and pollution prevention
- Offer recycling programs to reduce plastic waste
- Replace disposable plastics with biodegradable alternatives
- Improve sewer systems
- Re-introduce native plant species
- Foster artificial wetlands and green infrastructure
- Provide filtration systems at water treatment plants
- Implement best practices for agricultural runoff
- Increase research and monitoring of water quality
- Establish buffer zones between aquatic environments and land-based activities.",0 out of 5 0 out of 5,0.0,0.0,0.0
Explain why the given definition is wrong.,A mole is an animal that lives underground.,"The definition is wrong because a mole is actually a small mammal that lives above ground and feeds on insects. It is most distinguishable by its long snout and wide, paddle-like feet. It does, however, often dig burrows in which it lives and shelters.",                                                                                                   ,6.367803053737255e-232,0.009671179883945842,0.017857142857142856
Variable x is defined as “4x + 2y = 10”. Find the value of x.,,"The value of x is 2. To find the value, simplify the equation by subtracting 2y from both sides, giving 4x = 10; dividing both sides by 4, giving x = 2/4, which is equal to 2.",x is defined as “4x + 2y = 10”.,0.0,0.0,0.0
Write a short paragraph about the given topic.,The importance of using renewable energy,"The use of renewable energy is growing rapidly in relevance and importance as the world looks towards solutions to combat climate change. Renewable energy sources, such as solar, wind, and hydropower, are sustainable and have a much lower environmental impact than traditional energy sources like coal and oil. Switching to renewable energy can reduce carbon emissions, improve air quality, lessen the dependence on non-renewable resources, and provide a stable and secure energy future. Renewable energy is essential for achieving a sustainable future and should be an important part of any country’s energy portfolio.",a short paragraph about the given topic. 0,3.557880378814395e-232,0.004897159647404505,0.012345679012345678
Explain the concept of artificial intelligence in simple terms.,,"Artificial Intelligence (AI) is the ability of machines and computers to make decisions and complete tasks similar to what humans can do. AI can learn from data, recognize patterns, and make predictions. AI technology can automate tedious and complex processes, helping to reduce human effort and errors, and enable more accurate and efficient decisions. AI can be used in a wide range of applications, from robotics and autonomous vehicles to healthcare and finance. It is increasingly becoming an integral part of everyday life.",0 out of 5 based on 0 ratings. 0 user reviews.,4.192696457171872e-232,0.005422993492407809,0.013333333333333334
Design an app for a delivery company.,,"The app should allow customers to order items from local businesses and nearby store, place delivery requests with detailed delivery requirements, and track their orders. It should also allow customers to easily find and pay for services. The app should allow businesses to manage orders, track deliveries and drivers, set delivery boundaries, and set prices. It should also have features to help businesses promote their products and services, as well as options to provide customer feedback and support.",a. a. b. c. d.,0.0,0.0,0.0
Summarize the given passage.,"A recent study showed that global climate change is one of the most important challenges facing the world today. The consequences of global warming include rising sea levels, extreme weather events and biodiversity loss. Climate change is caused by human activities such as burning fossil fuels, and if unchecked will have long-term and devastating impacts on the planet.","A recent study revealed that global climate change is one of the world’s most pressing issues. In addition to rising sea levels, extreme weather events and biodiversity loss, it is caused largely by human activities like burning fossil fuels. If left unchecked, climate change will have far-reaching and devastating consequences.",                                                                                                   ,0.0,0.008488964346349744,0.01680672268907563
Extract the facts from the paragraph.,"Online education continues to become more popular for schools and students alike. Its advantages are generally lower costs, less commitment and the ability to study at a time, place and pace that suits the student.","- Online education is becoming increasingly popular.
- It has several advantages such as lower costs, less commitment and the ability to study at one’s own time and pace.",a sexy teeny weeny teeny weeny teeny weeny teeny weeny teeny weeny teeny weeny teeny weeny teeny weeny teeny weeny teeny weeny teeny weeny teeny weeny teeny weeny teeny weeny teeny weeny teeny weeny teeny weeny teeny weeny teeny weeny teeny weeny teeny weeny teeny weeny teeny weeny teeny weeny teeny weeny teeny weeny teeny weeny teeny weeny teeny weeny teeny weeny teeny weeny teeny weeny teen,0.0,0.0,0.0
